<edmx:Edmx xmlns:edmx="http://docs.oasis-open.org/odata/ns/edmx" Version="4.0">
    <edmx:Reference Uri="https://sap.github.io/odata-vocabularies/vocabularies/Common.xml">
        <edmx:Include Namespace="com.sap.vocabularies.Common.v1" Alias="Common"/>
    </edmx:Reference>
    <edmx:Reference Uri="https://sap.github.io/odata-vocabularies/vocabularies/UI.xml">
        <edmx:Include Namespace="com.sap.vocabularies.UI.v1" Alias="UI"/>
    </edmx:Reference>
    <edmx:Reference Uri="https://sap.github.io/odata-vocabularies/vocabularies/Communication.xml">
        <edmx:Include Namespace="com.sap.vocabularies.Communication.v1" Alias="Communication"/>
    </edmx:Reference>
    <edmx:Reference Uri="/sap/opu/odata/sap/ZCS_UI_GRPL_O2/$metadata">
        <edmx:Include Namespace="cds_zcs_grpl"/>
    </edmx:Reference>
    <edmx:DataServices>
        <Schema xmlns="http://docs.oasis-open.org/odata/ns/edm" Namespace="local">
         <Annotations Target="cds_zcs_grpl.DeviceType">
                <Annotation Term="UI.PresentationVariant">
                    <Record Type="UI.PresentationVariantType">
                        <PropertyValue Property="SortOrder">
                            <Collection>
                                <Record type="Common.SortOrderType">
                                    <PropertyValue Property="Property" PropertyPath="LastChangedAt" />
                                    <PropertyValue Property="Descending" Bool="true" />
                                </Record>
                            </Collection>
                        </PropertyValue>
                    </Record>
                </Annotation>
            </Annotations>
         <Annotations Target="cds_zcs_grpl.DeviceType/DeviceName">
                <Annotation Term="com.sap.vocabularies.Common.v1.FieldControl" EnumMember="Common.FieldControlType/ReadOnly" />
            </Annotations>
         <Annotations Target="cds_zcs_grpl.DeviceType/VTLStatus">
                <Annotation Term="com.sap.vocabularies.Common.v1.FieldControl" EnumMember="Common.FieldControlType/ReadOnly" />
            </Annotations>
             <Annotations Target="cds_zcs_grpl.DeviceType/EndDateRepMaint">
                <Annotation Term="com.sap.vocabularies.Common.v1.FieldControl" EnumMember="Common.FieldControlType/ReadOnly" />
            </Annotations>
             <Annotations Target="cds_zcs_grpl.DeviceType/EndDateBestEffort">
                <Annotation Term="com.sap.vocabularies.Common.v1.FieldControl" EnumMember="Common.FieldControlType/ReadOnly" />
            </Annotations>
             <Annotations Target="cds_zcs_grpl.DeviceType/ProfitCenter">
                <Annotation Term="com.sap.vocabularies.Common.v1.FieldControl" EnumMember="Common.FieldControlType/ReadOnly" />
            </Annotations>
             <Annotations Target="cds_zcs_grpl.DeviceType/CalibrationInterval">
                <Annotation Term="com.sap.vocabularies.Common.v1.FieldControl" EnumMember="Common.FieldControlType/ReadOnly" />
            </Annotations>
             <Annotations Target="cds_zcs_grpl.DeviceType/WarrantyInterval">
                <Annotation Term="com.sap.vocabularies.Common.v1.FieldControl" EnumMember="Common.FieldControlType/ReadOnly" />
            </Annotations>
             <Annotations Target="cds_zcs_grpl.DeviceType/Designation">
                <Annotation Term="com.sap.vocabularies.Common.v1.FieldControl" EnumMember="Common.FieldControlType/ReadOnly" />
            </Annotations>
            <Annotations Target="cds_zcs_grpl.DeviceType/VirusScan">
                <Annotation Term="com.sap.vocabularies.Common.v1.FieldControl" EnumMember="Common.FieldControlType/ReadOnly" />
            </Annotations>
              <Annotations Target="cds_zcs_grpl.DeviceType/AuthorizationGroup">
                <Annotation Term="com.sap.vocabularies.Common.v1.FieldControl" EnumMember="Common.FieldControlType/ReadOnly" />
            </Annotations>
             <Annotations Target="cds_zcs_grpl.DeviceType/ConfigMaterialNo">
                <Annotation Term="com.sap.vocabularies.Common.v1.FieldControl" EnumMember="Common.FieldControlType/ReadOnly" />
            </Annotations>
            
        </Schema>
    </edmx:DataServices>
</edmx:Edmx>